{
  "version": "7.0.4",
  "fields": [],
  "data": [
    [
      3097,
      2.2,
      1,
      2.2,
      3,
      3.2,
      3.6,
      6.4,
      5.8,
      5.7,
      86,
      1.6,
      2.8,
      496.3,
      119.7,
      18,
      1.1,
      0.4,
      0,
      66,
      39,
      975.51,
      361,
      0,
      "Cat Ranch",
      42.852356,
      -96.94241,
      0,
      0,
      0,
      null,
      null,
      0.02,
      3
    ],
    [
      8376,
      6.6,
      0,
      6.6,
      6.7,
      7,
      7.6,
      10.6,
      10.3,
      9.7,
      100,
      3.7,
      7.1,
      1084.8,
      227.2,
      37.9,
      3.1,
      0.6,
      0,
      54,
      41,
      965.23,
      450,
      0,
      "MandMnorth40",
      43.50486,
      -96.695305,
      0,
      0,
      0,
      null,
      null,
      0.01,
      3
    ]
  ],
  "count": 2
}